<?xml version="1.0" encoding="UTF-8"?>
<root>
  <item name="com.jiangdg.glutils.AbstractRendererHolder android.graphics.Bitmap.CompressFormat getCaptureFormat(int) 0">
    <annotation name="androidx.annotation.IntDef">
      <val name="value" val="{com.jiangdg.glutils.IRendererHolder.OUTPUT_FORMAT_JPEG, com.jiangdg.glutils.IRendererHolder.OUTPUT_FORMAT_PNG, com.jiangdg.glutils.IRendererHolder.OUTPUT_FORMAT_WEBP}" />
    </annotation>
  </item>
  <item name="com.jiangdg.glutils.AbstractRendererHolder int getCaptureFormat(java.lang.String)">
    <annotation name="androidx.annotation.IntDef">
      <val name="value" val="{com.jiangdg.glutils.IRendererHolder.OUTPUT_FORMAT_JPEG, com.jiangdg.glutils.IRendererHolder.OUTPUT_FORMAT_PNG, com.jiangdg.glutils.IRendererHolder.OUTPUT_FORMAT_WEBP}" />
    </annotation>
  </item>
  <item name="com.jiangdg.glutils.AbstractRendererHolder int getMirror()">
    <annotation name="androidx.annotation.IntDef">
      <val name="value" val="{com.jiangdg.glutils.IRendererCommon.MIRROR_NORMAL, com.jiangdg.glutils.IRendererCommon.MIRROR_HORIZONTAL, com.jiangdg.glutils.IRendererCommon.MIRROR_VERTICAL, com.jiangdg.glutils.IRendererCommon.MIRROR_BOTH}" />
    </annotation>
  </item>
  <item name="com.jiangdg.glutils.AbstractRendererHolder mCaptureFormat">
    <annotation name="androidx.annotation.IntDef">
      <val name="value" val="{com.jiangdg.glutils.IRendererHolder.OUTPUT_FORMAT_JPEG, com.jiangdg.glutils.IRendererHolder.OUTPUT_FORMAT_PNG, com.jiangdg.glutils.IRendererHolder.OUTPUT_FORMAT_WEBP}" />
    </annotation>
  </item>
  <item name="com.jiangdg.glutils.AbstractRendererHolder void captureStill(java.io.OutputStream, int, int) 1">
    <annotation name="androidx.annotation.IntDef">
      <val name="value" val="{com.jiangdg.glutils.IRendererHolder.OUTPUT_FORMAT_JPEG, com.jiangdg.glutils.IRendererHolder.OUTPUT_FORMAT_PNG, com.jiangdg.glutils.IRendererHolder.OUTPUT_FORMAT_WEBP}" />
    </annotation>
  </item>
  <item name="com.jiangdg.glutils.AbstractRendererHolder void captureStill(java.io.OutputStream, int, int, boolean) 1">
    <annotation name="androidx.annotation.IntDef">
      <val name="value" val="{com.jiangdg.glutils.IRendererHolder.OUTPUT_FORMAT_JPEG, com.jiangdg.glutils.IRendererHolder.OUTPUT_FORMAT_PNG, com.jiangdg.glutils.IRendererHolder.OUTPUT_FORMAT_WEBP}" />
    </annotation>
  </item>
  <item name="com.jiangdg.glutils.AbstractRendererHolder void setMirror(int) 0">
    <annotation name="androidx.annotation.IntDef">
      <val name="value" val="{com.jiangdg.glutils.IRendererCommon.MIRROR_NORMAL, com.jiangdg.glutils.IRendererCommon.MIRROR_HORIZONTAL, com.jiangdg.glutils.IRendererCommon.MIRROR_VERTICAL, com.jiangdg.glutils.IRendererCommon.MIRROR_BOTH}" />
    </annotation>
  </item>
  <item name="com.jiangdg.glutils.AbstractRendererHolder.BaseRendererTask int mirror()">
    <annotation name="androidx.annotation.IntDef">
      <val name="value" val="{com.jiangdg.glutils.IRendererCommon.MIRROR_NORMAL, com.jiangdg.glutils.IRendererCommon.MIRROR_HORIZONTAL, com.jiangdg.glutils.IRendererCommon.MIRROR_VERTICAL, com.jiangdg.glutils.IRendererCommon.MIRROR_BOTH}" />
    </annotation>
  </item>
  <item name="com.jiangdg.glutils.AbstractRendererHolder.BaseRendererTask mMirror">
    <annotation name="androidx.annotation.IntDef">
      <val name="value" val="{com.jiangdg.glutils.IRendererCommon.MIRROR_NORMAL, com.jiangdg.glutils.IRendererCommon.MIRROR_HORIZONTAL, com.jiangdg.glutils.IRendererCommon.MIRROR_VERTICAL, com.jiangdg.glutils.IRendererCommon.MIRROR_BOTH}" />
    </annotation>
  </item>
  <item name="com.jiangdg.glutils.DumbRenderer int getMirror()">
    <annotation name="androidx.annotation.IntDef">
      <val name="value" val="{com.jiangdg.glutils.IRendererCommon.MIRROR_NORMAL, com.jiangdg.glutils.IRendererCommon.MIRROR_HORIZONTAL, com.jiangdg.glutils.IRendererCommon.MIRROR_VERTICAL, com.jiangdg.glutils.IRendererCommon.MIRROR_BOTH}" />
    </annotation>
  </item>
  <item name="com.jiangdg.glutils.DumbRenderer mMirror">
    <annotation name="androidx.annotation.IntDef">
      <val name="value" val="{com.jiangdg.glutils.IRendererCommon.MIRROR_NORMAL, com.jiangdg.glutils.IRendererCommon.MIRROR_HORIZONTAL, com.jiangdg.glutils.IRendererCommon.MIRROR_VERTICAL, com.jiangdg.glutils.IRendererCommon.MIRROR_BOTH}" />
    </annotation>
  </item>
  <item name="com.jiangdg.glutils.DumbRenderer void setMirror(int) 0">
    <annotation name="androidx.annotation.IntDef">
      <val name="value" val="{com.jiangdg.glutils.IRendererCommon.MIRROR_NORMAL, com.jiangdg.glutils.IRendererCommon.MIRROR_HORIZONTAL, com.jiangdg.glutils.IRendererCommon.MIRROR_VERTICAL, com.jiangdg.glutils.IRendererCommon.MIRROR_BOTH}" />
    </annotation>
  </item>
  <item name="com.jiangdg.glutils.IRendererCommon int getMirror()">
    <annotation name="androidx.annotation.IntDef">
      <val name="value" val="{com.jiangdg.glutils.IRendererCommon.MIRROR_NORMAL, com.jiangdg.glutils.IRendererCommon.MIRROR_HORIZONTAL, com.jiangdg.glutils.IRendererCommon.MIRROR_VERTICAL, com.jiangdg.glutils.IRendererCommon.MIRROR_BOTH}" />
    </annotation>
  </item>
  <item name="com.jiangdg.glutils.IRendererCommon void setMirror(int) 0">
    <annotation name="androidx.annotation.IntDef">
      <val name="value" val="{com.jiangdg.glutils.IRendererCommon.MIRROR_NORMAL, com.jiangdg.glutils.IRendererCommon.MIRROR_HORIZONTAL, com.jiangdg.glutils.IRendererCommon.MIRROR_VERTICAL, com.jiangdg.glutils.IRendererCommon.MIRROR_BOTH}" />
    </annotation>
  </item>
  <item name="com.jiangdg.glutils.IRendererCommon.MirrorMode">
    <annotation name="androidx.annotation.IntDef">
      <val name="value" val="{com.jiangdg.glutils.IRendererCommon.MIRROR_NORMAL, com.jiangdg.glutils.IRendererCommon.MIRROR_HORIZONTAL, com.jiangdg.glutils.IRendererCommon.MIRROR_VERTICAL, com.jiangdg.glutils.IRendererCommon.MIRROR_BOTH}" />
    </annotation>
  </item>
  <item name="com.jiangdg.glutils.IRendererHolder void captureStill(java.io.OutputStream, int, int) 1">
    <annotation name="androidx.annotation.IntDef">
      <val name="value" val="{com.jiangdg.glutils.IRendererHolder.OUTPUT_FORMAT_JPEG, com.jiangdg.glutils.IRendererHolder.OUTPUT_FORMAT_PNG, com.jiangdg.glutils.IRendererHolder.OUTPUT_FORMAT_WEBP}" />
    </annotation>
  </item>
  <item name="com.jiangdg.glutils.IRendererHolder.StillCaptureFormat">
    <annotation name="androidx.annotation.IntDef">
      <val name="value" val="{com.jiangdg.glutils.IRendererHolder.OUTPUT_FORMAT_JPEG, com.jiangdg.glutils.IRendererHolder.OUTPUT_FORMAT_PNG, com.jiangdg.glutils.IRendererHolder.OUTPUT_FORMAT_WEBP}" />
    </annotation>
  </item>
</root>

